RandomForest_Prediction,LogisticRegression_Prediction,GaussianProcess_Prediction,KNeighbours_Prediction
Low Risk,Low Risk,Low Risk,Low Risk
High Risk,Low Risk,High Risk,Low Risk
High Risk,High Risk,Low Risk,Low Risk
Low Risk,Low Risk,Low Risk,Low Risk
High Risk,High Risk,High Risk,High Risk
High Risk,High Risk,High Risk,High Risk
High Risk,High Risk,High Risk,High Risk
Low Risk,Low Risk,Low Risk,Low Risk
Low Risk,Low Risk,Low Risk,Low Risk
High Risk,High Risk,High Risk,High Risk
High Risk,High Risk,High Risk,High Risk
Low Risk,Low Risk,Low Risk,High Risk
High Risk,High Risk,High Risk,High Risk
Low Risk,Low Risk,Low Risk,Low Risk
High Risk,High Risk,High Risk,High Risk
High Risk,High Risk,High Risk,High Risk
High Risk,High Risk,High Risk,High Risk
Low Risk,Low Risk,Low Risk,Low Risk
Low Risk,Low Risk,Low Risk,Low Risk
Low Risk,Low Risk,Low Risk,Low Risk
High Risk,Low Risk,Low Risk,Low Risk
Low Risk,Low Risk,Low Risk,Low Risk
High Risk,Low Risk,Low Risk,Low Risk
High Risk,High Risk,High Risk,High Risk
High Risk,High Risk,High Risk,High Risk
High Risk,High Risk,High Risk,High Risk
High Risk,High Risk,High Risk,High Risk
High Risk,High Risk,High Risk,High Risk
Low Risk,Low Risk,Low Risk,Low Risk
High Risk,High Risk,High Risk,High Risk
Low Risk,Low Risk,Low Risk,Low Risk
Low Risk,Low Risk,Low Risk,Low Risk
Low Risk,Low Risk,Low Risk,Low Risk
Low Risk,Low Risk,Low Risk,Low Risk
High Risk,High Risk,Low Risk,Low Risk
Low Risk,Low Risk,Low Risk,Low Risk
High Risk,High Risk,High Risk,High Risk
High Risk,High Risk,High Risk,High Risk
Low Risk,High Risk,High Risk,High Risk
High Risk,High Risk,High Risk,High Risk
High Risk,High Risk,High Risk,High Risk
High Risk,High Risk,High Risk,High Risk
High Risk,High Risk,High Risk,High Risk
High Risk,High Risk,High Risk,High Risk
Low Risk,High Risk,High Risk,High Risk
Low Risk,Low Risk,High Risk,High Risk
Low Risk,Low Risk,High Risk,High Risk
High Risk,High Risk,High Risk,High Risk
Low Risk,Low Risk,Low Risk,Low Risk
Low Risk,Low Risk,Low Risk,Low Risk
Low Risk,Low Risk,Low Risk,Low Risk
Low Risk,Low Risk,Low Risk,Low Risk
High Risk,High Risk,High Risk,High Risk
High Risk,High Risk,High Risk,High Risk
Low Risk,Low Risk,Low Risk,Low Risk
Low Risk,Low Risk,Low Risk,Low Risk
Low Risk,Low Risk,Low Risk,Low Risk
High Risk,High Risk,High Risk,High Risk
Low Risk,Low Risk,Low Risk,Low Risk
Low Risk,Low Risk,Low Risk,Low Risk
Low Risk,Low Risk,Low Risk,Low Risk
